suivre;1;http://www.laposte.fr/Particulier/Profiter-de-nos-services-en-ligne/Suivre-vos-envois
envois;1;http://www.laposte.fr/Particulier/Profiter-de-nos-services-en-ligne/Suivre-vos-envois
suivre-envois;1;http://www.laposte.fr/Particulier/Profiter-de-nos-services-en-ligne/Suivre-vos-envois
calculez;0
tarif;0
calculez-tarif;0
calculez-tarif-envois;0
bureau;0
poste;3;http://www.laposte.fr/Particulier/Profiter-de-nos-services-en-ligne/Suivre-vos-envois;http://www.laposte.fr/Particulier/Profiter-de-nos-services-en-ligne/test;http://www.laposte.fr/Particulier/Profiter-de-nos-services-en-ligne/particulier
bureau-poste;0
affranchir;0
colis;0
affranchir-colis;0
ligne;3;http://www.laposte.fr/Particulier/Profiter-de-nos-services-en-ligne/Suivre-vos-envois;http://www.laposte.fr/Particulier/Profiter-de-nos-services-en-ligne/test;http://www.laposte.fr/Particulier/Profiter-de-nos-services-en-ligne/particulier
affranchir-colis-ligne;0
tarifs;0
courrier;0
tarifs-courrier;0
plan;0
site;0
plan-site;0
toutes;0
offres;0
toutes-offres;0
conseils;0
offres-conseils;0
engagements;0
clients;0
engagements-clients;0
questions;0
reponses;0
questions-reponses;0
conditions;0
generales;0
conditions-generales;0
vente;0
conditions-generales-vente;0
colissimo;0
tarifs-colis;0
creer;0
creer-site;0
internet;0
creer-site-internet;0
missions;0
missions-poste;0
mobile;0
missions-poste-mobile;0
mobiles;0
offres-mobiles;0
utiliser;0
outils;0
utiliser-outils;0
pratiques;0
utiliser-outils-pratiques;0
timbre;0
caeur;0
timbre-caeur;0
baccarat;0
timbre-caeur-baccarat;0
macartamoi;0
timbre-caeur-baccarat-macartamoi;0
montimbramoi;0
timbre-caeur-baccarat-macartamoi-montimbramoi;0
plein;0
timbre-caeur-baccarat-macartamoi-montimbramoi-plein;0
idees;0
timbre-caeur-baccarat-macartamoi-montimbramoi-plein-idees;0
saint;0
timbre-caeur-baccarat-macartamoi-montimbramoi-plein-idees-saint;0
valentin;0
timbre-caeur-baccarat-macartamoi-montimbramoi-plein-idees-saint-valentin;0
decouvrez;0
decouvrez-timbre;0
connecte;0
decouvrez-timbre-connecte;0
collection;0
decouvrez-timbre-connecte-collection;0
decouvrez-timbre-connecte-collection-timbre;0
raconte;0
decouvrez-timbre-connecte-collection-timbre-raconte;0
impression;0
impression-poste;0
relation;0
poste-relation;0
client;0
poste-relation-client;0
entreprises;0
poste-relation-client-entreprises;0
services;3;http://www.laposte.fr/Particulier/Profiter-de-nos-services-en-ligne/Suivre-vos-envois;http://www.laposte.fr/Particulier/Profiter-de-nos-services-en-ligne/test;http://www.laposte.fr/Particulier/Profiter-de-nos-services-en-ligne/particulier
poste-relation-client-entreprises-services;0
lettre;0
recommandee;0
lettre-recommandee;0
electronique;0
lettre-recommandee-electronique;0
pack;0
demenagement;0
pack-demenagement;0
verte;0
lettre-verte;0
pret;0
poster;0
pret-poster;0
pret-poster-lettre;0
max;0
pret-poster-lettre-max;0
profiter;3;http://www.laposte.fr/Particulier/Profiter-de-nos-services-en-ligne/Suivre-vos-envois;http://www.laposte.fr/Particulier/Profiter-de-nos-services-en-ligne/test;http://www.laposte.fr/Particulier/Profiter-de-nos-services-en-ligne/particulier
profiter-services;3;http://www.laposte.fr/Particulier/Profiter-de-nos-services-en-ligne/Suivre-vos-envois;http://www.laposte.fr/Particulier/Profiter-de-nos-services-en-ligne/test;http://www.laposte.fr/Particulier/Profiter-de-nos-services-en-ligne/particulier
profiter-services-ligne;3;http://www.laposte.fr/Particulier/Profiter-de-nos-services-en-ligne/Suivre-vos-envois;http://www.laposte.fr/Particulier/Profiter-de-nos-services-en-ligne/test;http://www.laposte.fr/Particulier/Profiter-de-nos-services-en-ligne/particulier
documents;0
outils-documents;0
trouvez;0
code;0
trouvez-code;0
postal;0
trouvez-code-postal;0
testez;0
adresses;0
testez-adresses;0
simulateur;0
calcul;0
simulateur-calcul;0
epargne;0
simulateur-calcul-epargne;0
prevoyance;0
simulateur-calcul-epargne-prevoyance;0
emprunt;0
simulateur-calcul-epargne-prevoyance-emprunt;0
immobilier;0
simulateur-calcul-epargne-prevoyance-emprunt-immobilier;0
utilisez;0
formulaire;0
utilisez-formulaire;0
demande;0
utilisez-formulaire-demande;0
raccordement;0
utilisez-formulaire-demande-raccordement;0
utilisez-formulaire-demande-raccordement-postal;0
post;3;http://www.laposte.fr/Particulier/Profiter-de-nos-services-en-ligne/Suivre-vos-envois;http://www.laposte.fr/Particulier/Profiter-de-nos-services-en-ligne/test;http://www.laposte.fr/Particulier/Profiter-de-nos-services-en-ligne/particulier
alert;0
post-alert;0
pesez;0
pesez-timbre;0
widget;0
pesez-timbre-widget;0
pese;0
pesez-timbre-widget-pese;0
pesez-timbre-widget-pese-courrier;0
alerte;0
widget-alerte;0
mail;0
widget-alerte-mail;0
convertisseur;0
widget-convertisseur;0
devises;0
widget-convertisseur-devises;0
horloge;0
internationale;0
horloge-internationale;0
recherche;0
postale;0
recherche-postale;0
widget-courrier;0
envoyer;0
recevoir;0
envoyer-recevoir;0
envoyer-recevoir-courrier;0
boutique;0
boutique-timbre;0
montimbrenligne;0
prioritaire;0
lettre-prioritaire;0
lettre-prioritaire-ligne;0
reexpedition;0
garde;0
reexpedition-garde;0
reexpedition-garde-courrier;0
nouvelle;0
pack-nouvelle;0
adresse;0
pack-nouvelle-adresse;0
definitive;0
reexpedition-definitive;0
reexpedier;0
pret-reexpedier;0
temporaire;0
reexpedition-temporaire;0
garde-courrier;0
abonnement;0
mobilite;0
abonnement-mobilite;0
restante;0
poste-restante;0
envoyer-recevoir-colis;0
lettre-recommandee-ligne;0
prestige;0
pret-poster-prestige;0
beaux;0
timbres;0
beaux-timbres;0
boite;0
boite-postale;0
flexigo;0
boite-postale-flexigo;0
digiposte;0
digishoot;0
messagerie;0
laposte;3;http://www.laposte.fr/Particulier/Profiter-de-nos-services-en-ligne/Suivre-vos-envois;http://www.laposte.fr/Particulier/Profiter-de-nos-services-en-ligne/test;http://www.laposte.fr/Particulier/Profiter-de-nos-services-en-ligne/particulier
messagerie-laposte;0
lettre-ligne;0
identite;0
numerique;0
identite-numerique;0
vers;0
france;0
vers-france;0
affranchissement;0
standard;0
affranchissement-standard;0
valeur;0
declaree;0
valeur-declaree;0
courrier?onglet=&amp%3bpage=&idprod=0014182;0
tarifs-courrier?onglet=&amp%3bpage=&idprod=0014182;0
courrier?onglet=&amp%3bpage=&idprod=000445;0
tarifs-courrier?onglet=&amp%3bpage=&idprod=000445;0
widgets;0
applications;0
widgets-applications;0
export;0
suivi;0
export-suivi;0
secur;0
secur-export;0
consulter;0
consulter-tarifs;0
adresses2;0
testez-adresses2;0
actualites;0
nouvel;0
chinois;0
nouvel-chinois;0
honneur;0
nouvel-chinois-honneur;0
emission;0
nouvel-chinois-honneur-emission;0
nouvel-chinois-honneur-emission-timbres;0
annee;0
nouvel-chinois-honneur-emission-timbres-annee;0
cheval;0
nouvel-chinois-honneur-emission-timbres-annee-cheval;0
dynamisez;0
dynamisez-envois;0
grace;0
dynamisez-envois-grace;0
nouveau;0
dynamisez-envois-grace-nouveau;0
carnet;0
dynamisez-envois-grace-nouveau-carnet;0
dynamisez-envois-grace-nouveau-carnet-timbres;0
dynamique;0
dynamisez-envois-grace-nouveau-carnet-timbres-dynamique;0
participez;0
4eme;0
participez-4eme;0
edition;0
participez-4eme-edition;0
concours;0
participez-4eme-edition-concours;0
national;0
participez-4eme-edition-concours-national;0
participez-4eme-edition-concours-national-timbres;0
orthographe;0
participez-4eme-edition-concours-national-timbres-orthographe;0
bloc;0
nouveau-bloc;0
nouveau-bloc-timbres;0
place;0
nouveau-bloc-timbres-place;0
sous;0
nouveau-bloc-timbres-place-sous;0
signe;0
nouveau-bloc-timbres-place-sous-signe;0
solidarite;0
nouveau-bloc-timbres-place-sous-signe-solidarite;0
fetes;0
fin;0
fetes-fin;0
fetes-fin-annee;0
fetes-fin-annee-plein;0
fetes-fin-annee-plein-offres;0
festives;0
fetes-fin-annee-plein-offres-festives;0
fetes-fin-annee-plein-offres-festives-poste;0
timbrez;0
mode;0
timbrez-mode;0
timbrez-mode-collection;0
timbrez-mode-collection-timbres;0
timbrez-mode-collection-timbres-france;0
singapour;0
timbrez-mode-collection-timbres-france-singapour;0
prenez;0
altitude;0
prenez-altitude;0
collectors;0
prenez-altitude-collectors;0
prenez-altitude-collectors-timbres;0
entre;0
prenez-altitude-collectors-timbres-entre;0
ciel;0
prenez-altitude-collectors-timbres-entre-ciel;0
terre;0
prenez-altitude-collectors-timbres-entre-ciel-terre;0
decouvrez-nouvelle;0
charte;0
decouvrez-nouvelle-charte;0
decouvrez-nouvelle-charte-engagements;0
decouvrez-nouvelle-charte-engagements-courrier;0
semaine;0
mettre;0
semaine-mettre;0
ecriture;0
semaine-mettre-ecriture;0
monnaie;0
decouvrez-monnaie;0
hercule;0
decouvrez-monnaie-hercule;0
presente;0
poste-presente;0
poste-presente-timbre;0
special;0
poste-presente-timbre-special;0
centenaire;0
poste-presente-timbre-special-centenaire;0
quai;0
poste-presente-timbre-special-centenaire-quai;0
orfevres;0
poste-presente-timbre-special-centenaire-quai-orfevres;0
suivi-envois;0
courrier?onglet=&amp%3bpage=&idprod=000683;0
tarifs-courrier?onglet=&amp%3bpage=&idprod=000683;0
decouvrir;0
decouvrir-offres;0
decouvrir-offres-mobiles;0
courrier?onglet=&amp%3bpage=&idprod=0009123;0
tarifs-courrier?onglet=&amp%3bpage=&idprod=0009123;0
courrier?onglet=&amp%3bpage=&idprod=001116;0
tarifs-courrier?onglet=&amp%3bpage=&idprod=001116;0
courrier?onglet=&amp%3bpage=&idprod=000675;0
tarifs-courrier?onglet=&amp%3bpage=&idprod=000675;0
courrier?onglet=&amp%3bpage=&idprod=0013153;0
tarifs-courrier?onglet=&amp%3bpage=&idprod=0013153;0
avis;0
reception;0
avis-reception;0
contre;0
remboursement;0
contre-remboursement;0
courrier?onglet=&page=&idprod=00109;0
tarifs-courrier?onglet=&page=&idprod=00109;0
courrier?onglet=&page=&idprod=00010;0
tarifs-courrier?onglet=&page=&idprod=00010;0
courrier?onglet=&page=&idprod=0014183;0
tarifs-courrier?onglet=&page=&idprod=0014183;0
courrier?onglet=&amp%3bpage=&idprod=0015188;0
tarifs-courrier?onglet=&amp%3bpage=&idprod=0015188;0
courrier?onglet=&amp%3bpage=&idprod=000338;0
tarifs-courrier?onglet=&amp%3bpage=&idprod=000338;0
courrier?onglet=&page=&idprod=000559;0
tarifs-courrier?onglet=&page=&idprod=000559;0
courrier?onglet=&amp%3bpage=&idprod=0012142;0
tarifs-courrier?onglet=&amp%3bpage=&idprod=0012142;0
courrier?onglet=&page=&idprod=000798;0
tarifs-courrier?onglet=&page=&idprod=000798;0
courrier?onglet=&amp%3bpage=&idprod=000221;0
tarifs-courrier?onglet=&amp%3bpage=&idprod=000221;0
courrier?onglet=&page=&idprod=000683;0
tarifs-courrier?onglet=&page=&idprod=000683;0
lettre-max;0
courrier?onglet=&amp%3bpage=&idprod=000329;0
tarifs-courrier?onglet=&amp%3bpage=&idprod=000329;0
courrier?onglet=&amp%3bpage=&idprod=001124;0
tarifs-courrier?onglet=&amp%3bpage=&idprod=001124;0
courrier?onglet=&page=&idprod=001116;0
tarifs-courrier?onglet=&page=&idprod=001116;0
courrier?onglet=&amp%3bpage=&idprod=0009126;0
tarifs-courrier?onglet=&amp%3bpage=&idprod=0009126;0
clients%20;0
engagements-clients%20;0
courrier?onglet=&page=&idprod=001120;0
tarifs-courrier?onglet=&page=&idprod=001120;0
courrier?onglet=&page=&idprod=000225;0
tarifs-courrier?onglet=&page=&idprod=000225;0
courrier?onglet=&page=&idprod=000449;0
tarifs-courrier?onglet=&page=&idprod=000449;0
courrier?onglet=&page=&idprod=000796;0
tarifs-courrier?onglet=&page=&idprod=000796;0
realisez;0
realisez-demenagement;0
toute;0
realisez-demenagement-toute;0
serenite;0
realisez-demenagement-toute-serenite;0
realisez-demenagement-toute-serenite-pack;0
realisez-demenagement-toute-serenite-pack-nouvelle;0
adresse2;0
realisez-demenagement-toute-serenite-pack-nouvelle-adresse2;0
partez;0
garde-courrier-partez;0
esprit;0
garde-courrier-partez-esprit;0
tranquille;0
garde-courrier-partez-esprit-tranquille;0
envoyez;0
envoyez-courrier;0
coureurs;0
envoyez-courrier-coureurs;0
tour;0
envoyez-courrier-coureurs-tour;0
envoyez-courrier-coureurs-tour-france;0
carte;0
arrive;0
carte-arrive;0
bureaux;0
carte-arrive-bureaux;0
carte-arrive-bureaux-poste;0
envois-documents;0
personnalises;0
envois-personnalises;0
recevoir-courrier;0
absence;0
recevoir-courrier-absence;0
envoyer-recevoir-courrier-electronique;0
utilitaire;0
pret-poster-utilitaire;0
mini;0
mini-max;0
postexport;0
postexport-suivi;0
postexport-documents;0
marchandises;0
postexport-marchandises;0
recommander;0
pret-recommander;0
pret-recommander-suivi;0
suivie;0
pret-poster-lettre-suivie;0
ecopli;0
pret-poster-lettre-verte;0
localisation;0
services-localisation;0
international;0
urls;0
urls-bureaux;0
urls-bureaux-poste;0
courrier?onglet=&amp%3bpage=&idprod=0015195;0
tarifs-courrier?onglet=&amp%3bpage=&idprod=0015195;0
courrier?onglet=&amp%3bpage=&idprod=000796;0
tarifs-courrier?onglet=&amp%3bpage=&idprod=000796;0
courrier?onglet=&page=&idprod=000685;0
tarifs-courrier?onglet=&page=&idprod=000685;0
courrier?onglet=&amp%3bpage=&idprod=000792;0
tarifs-courrier?onglet=&amp%3bpage=&idprod=000792;0
courrier?onglet=&amp%3bpage=&idprod=0009129;0
tarifs-courrier?onglet=&amp%3bpage=&idprod=0009129;0
courrier?onglet=&page=&idprod=000221;0
tarifs-courrier?onglet=&page=&idprod=000221;0
courrier?onglet=&page=&idprod=001118;0
tarifs-courrier?onglet=&page=&idprod=001118;0
yw5uzwn5;0
courrier?onglet=&amp%3bpage=&idprod=000452;0
tarifs-courrier?onglet=&amp%3bpage=&idprod=000452;0
courrier?onglet=&amp%3bpage=&idprod=00108;0
tarifs-courrier?onglet=&amp%3bpage=&idprod=00108;0
courrier?onglet=&page=&idprod=000217;0
tarifs-courrier?onglet=&page=&idprod=000217;0
envoyer-recevoir-courrier-electronique-documents;0
numeriques;0
envoyer-recevoir-courrier-electronique-documents-numeriques;0
courrier?onglet=&page=&idprod=00108;0
tarifs-courrier?onglet=&page=&idprod=00108;0
courrier?onglet=&page=&idprod=0015191;0
tarifs-courrier?onglet=&page=&idprod=0015191;0
courrier?onglet=&page=&idprod=0009119;0
tarifs-courrier?onglet=&page=&idprod=0009119;0
courrier?onglet=&amp%3bpage=&idprod=000217;0
tarifs-courrier?onglet=&amp%3bpage=&idprod=000217;0
courrier?onglet=&page=&idprod=0014182;0
tarifs-courrier?onglet=&page=&idprod=0014182;0
courrier?onglet=&amp%3bpage=&idprod=0016207;0
tarifs-courrier?onglet=&amp%3bpage=&idprod=0016207;0
courrier?onglet=&amp%3bpage=&idprod=000451;0
tarifs-courrier?onglet=&amp%3bpage=&idprod=000451;0
courrier?onglet=&page=&idprod=000445;0
tarifs-courrier?onglet=&page=&idprod=000445;0
courrier?onglet=&amp%3bpage=&idprod=000453;0
tarifs-courrier?onglet=&amp%3bpage=&idprod=000453;0
courrier?onglet=&amp%3bpage=&idprod=000568;0
tarifs-courrier?onglet=&amp%3bpage=&idprod=000568;0
courrier?onglet=&amp%3bpage=&idprod=000563;0
tarifs-courrier?onglet=&amp%3bpage=&idprod=000563;0
courrier?onglet=&page=&idprod=00100;0
tarifs-courrier?onglet=&page=&idprod=00100;0
courrier?onglet=&amp%3bpage=&idprod=0012136;0
tarifs-courrier?onglet=&amp%3bpage=&idprod=0012136;0
courrier?onglet=&amp%3bpage=&idprod=000110;0
tarifs-courrier?onglet=&amp%3bpage=&idprod=000110;0
courrier?onglet=&amp%3bpage=&idprod=0014175;0
tarifs-courrier?onglet=&amp%3bpage=&idprod=0014175;0
courrier?onglet=&amp%3bpage=&idprod=0009127;0
tarifs-courrier?onglet=&amp%3bpage=&idprod=0009127;0
courrier?onglet=&amp%3bpage=&idprod=000444;0
tarifs-courrier?onglet=&amp%3bpage=&idprod=000444;0
courrier?onglet=&amp%3bpage=&idprod=0015191;0
tarifs-courrier?onglet=&amp%3bpage=&idprod=0015191;0
courrier?onglet=&page=&idprod=000224;0
tarifs-courrier?onglet=&page=&idprod=000224;0
courrier?onglet=&page=&idprod=0015193;0
tarifs-courrier?onglet=&page=&idprod=0015193;0
courrier?onglet=&amp%3bpage=&idprod=00018;0
tarifs-courrier?onglet=&amp%3bpage=&idprod=00018;0
courrier?onglet=&amp%3bpage=&idprod=0013158;0
tarifs-courrier?onglet=&amp%3bpage=&idprod=0013158;0
courrier?onglet=&amp%3bpage=&idprod=0016208;0
tarifs-courrier?onglet=&amp%3bpage=&idprod=0016208;0
courrier?onglet=&page=&idprod=00106;0
tarifs-courrier?onglet=&page=&idprod=00106;0
courrier?onglet=&page=&idprod=000675;0
tarifs-courrier?onglet=&page=&idprod=000675;0
courrier?onglet=&amp%3bpage=&idprod=00100;0
tarifs-courrier?onglet=&amp%3bpage=&idprod=00100;0
courrier?onglet=&page=&idprod=0015189;0
tarifs-courrier?onglet=&page=&idprod=0015189;0
courrier?onglet=&amp%3bpage=&idprod=00014;0
tarifs-courrier?onglet=&amp%3bpage=&idprod=00014;0
courrier?onglet=&amp%3bpage=&idprod=000570;0
tarifs-courrier?onglet=&amp%3bpage=&idprod=000570;0
courrier?onglet=&page=&idprod=000792;0
tarifs-courrier?onglet=&page=&idprod=000792;0
courrier?onglet=&amp%3bpage=&idprod=0012139;0
tarifs-courrier?onglet=&amp%3bpage=&idprod=0012139;0
courrier?onglet=&amp%3bpage=&idprod=0016206;0
tarifs-courrier?onglet=&amp%3bpage=&idprod=0016206;0
courrier?onglet=&amp%3bpage=&idprod=0013156;0
tarifs-courrier?onglet=&amp%3bpage=&idprod=0013156;0
courrier?onglet=&amp%3bpage=&idprod=0007100;0
tarifs-courrier?onglet=&amp%3bpage=&idprod=0007100;0
courrier?onglet=&amp%3bpage=&idprod=0014177;0
tarifs-courrier?onglet=&amp%3bpage=&idprod=0014177;0
courrier?onglet=&amp%3bpage=&idprod=000223;0
tarifs-courrier?onglet=&amp%3bpage=&idprod=000223;0
courrier?onglet=&amp%3bpage=&idprod=000677;0
tarifs-courrier?onglet=&amp%3bpage=&idprod=000677;0
courrier?onglet=&page=&idprod=000336;0
tarifs-courrier?onglet=&page=&idprod=000336;0
courrier?onglet=&page=&idprod=000681;0
tarifs-courrier?onglet=&page=&idprod=000681;0
courrier?onglet=&page=&idprod=000794;0
tarifs-courrier?onglet=&page=&idprod=000794;0
courrier?onglet=&amp%3bpage=&idprod=0009119;0
tarifs-courrier?onglet=&amp%3bpage=&idprod=0009119;0
courrier?onglet=&amp%3bpage=&idprod=000559;0
tarifs-courrier?onglet=&amp%3bpage=&idprod=000559;0
courrier?onglet=&page=&idprod=001114;0
tarifs-courrier?onglet=&page=&idprod=001114;0
courrier?onglet=&page=&idprod=0013149;0
tarifs-courrier?onglet=&page=&idprod=0013149;0
courrier?onglet=&page=&idprod=000329;0
tarifs-courrier?onglet=&page=&idprod=000329;0
courrier?onglet=&amp%3bpage=&idprod=00102;0
tarifs-courrier?onglet=&amp%3bpage=&idprod=00102;0
courrier?onglet=&amp%3bpage=&idprod=0008108;0
tarifs-courrier?onglet=&amp%3bpage=&idprod=0008108;0
courrier?onglet=&amp%3bpage=&idprod=0008112;0
tarifs-courrier?onglet=&amp%3bpage=&idprod=0008112;0
courrier?onglet=&amp%3bpage=&idprod=000567;0
tarifs-courrier?onglet=&amp%3bpage=&idprod=000567;0
courrier?onglet=&amp%3bpage=&idprod=00016;0
tarifs-courrier?onglet=&amp%3bpage=&idprod=00016;0
courrier?onglet=&amp%3bpage=&idprod=0013160;0
tarifs-courrier?onglet=&amp%3bpage=&idprod=0013160;0
courrier?onglet=&amp%3bpage=&idprod=000336;0
tarifs-courrier?onglet=&amp%3bpage=&idprod=000336;0
courrier?onglet=&amp%3bpage=&idprod=0014176;0
tarifs-courrier?onglet=&amp%3bpage=&idprod=0014176;0
pesez-timbre-widget-pese-courrier-ligne;0
courrier?onglet=&amp%3bpage=&idprod=0008106;0
tarifs-courrier?onglet=&amp%3bpage=&idprod=0008106;0
courrier?onglet=&page=&idprod=000331;0
tarifs-courrier?onglet=&page=&idprod=000331;0
faire;0
plaisir;0
faire-plaisir;0
faire-plaisir-faire;0
faire-plaisir-faire-plaisir;0
faire-plaisir-faire-plaisir-envois;0
faire-plaisir-faire-plaisir-envois-personnalises;0
faire-plaisir-faire-plaisir-envois-personnalises-beaux;0
faire-plaisir-faire-plaisir-envois-personnalises-beaux-timbres;0
cadeaux;0
faire-plaisir-faire-plaisir-envois-personnalises-beaux-timbres-cadeaux;0
courrier?onglet=&page=&idprod=0015188;0
tarifs-courrier?onglet=&page=&idprod=0015188;0
courrier?onglet=&amp%3bpage=&idprod=00010;0
tarifs-courrier?onglet=&amp%3bpage=&idprod=00010;0
courrier?onglet=&amp%3bpage=&idprod=000219;0
tarifs-courrier?onglet=&amp%3bpage=&idprod=000219;0
marchandise;0
postexport-marchandise;0
courrier?onglet=&amp%3bpage=&idprod=00104;0
tarifs-courrier?onglet=&amp%3bpage=&idprod=00104;0
pendant;0
recevoir-courrier-pendant;0
absences;0
recevoir-courrier-pendant-absences;0
suite;0
recevoir-courrier-pendant-absences-suite;0
recevoir-courrier-pendant-absences-suite-demenagement;0
recevoir-courrier-pendant-absences-suite-demenagement-bureau;0
recevoir-courrier-pendant-absences-suite-demenagement-bureau-poste;0
courrier?onglet=&amp%3bpage=&idprod=001114;0
tarifs-courrier?onglet=&amp%3bpage=&idprod=001114;0
courrier?onglet=&page=&idprod=001124;0
tarifs-courrier?onglet=&page=&idprod=001124;0
courrier?onglet=&page=&idprod=0015195;0
tarifs-courrier?onglet=&page=&idprod=0015195;0
courrier?onglet=&amp%3bpage=&idprod=000447;0
tarifs-courrier?onglet=&amp%3bpage=&idprod=000447;0
courrier?onglet=&amp%3bpage=&idprod=0013149;0
tarifs-courrier?onglet=&amp%3bpage=&idprod=0013149;0
courrier?onglet=&page=&idprod=0007100;0
tarifs-courrier?onglet=&page=&idprod=0007100;0
twfyc2vpbgxl%26t=1391488692;0
courrier?onglet=&amp%3bpage=&idprod=000679;0
tarifs-courrier?onglet=&amp%3bpage=&idprod=000679;0
courrier?onglet=&page=&idprod=000338;0
tarifs-courrier?onglet=&page=&idprod=000338;0
courrier?onglet=&page=&idprod=000332;0
tarifs-courrier?onglet=&page=&idprod=000332;0
nationale;0
reexpedition-definitive-nationale;0
courrier?onglet=&page=&idprod=0014179;0
tarifs-courrier?onglet=&page=&idprod=0014179;0
courrier?onglet=&page=&idprod=0014175;0
tarifs-courrier?onglet=&page=&idprod=0014175;0
contactez;0
envois-ligne;1;http://www.laposte.fr/Particulier/Profiter-de-nos-services-en-ligne/Suivre-vos-envois
standards;0
envois-standards;0
securises;0
envois-securises;0
garde-reexpedition;0
garde-reexpedition-courrier;0
developper;0
clientele;0
developper-clientele;0
envoyer-recevoir-colis-france;0
outre;0
envoyer-recevoir-colis-outre;0
mer;0
envoyer-recevoir-colis-outre-mer;0
europe;0
envoyer-recevoir-colis-europe;0
monde;0
envoyer-recevoir-colis-monde;0
preparer;0
preparer-colis;0
pros;0
carte-pros;0
trouver;0
trouver-bureau;0
trouver-bureau-poste;0
ouvrir;0
compte;0
ouvrir-compte;0
encaissements;0
reglements;0
placements;0
motivation;0
salariale;0
motivation-salariale;0
simuler;0
simuler-calcul;0
simuler-calcul-epargne;0
simuler-calcul-epargne-prevoyance;0
simuler-calcul-epargne-prevoyance-emprunt;0
simuler-calcul-epargne-prevoyance-emprunt-immobilier;0
outils-pratiques;0
solutions;0
solutions-courrier;0
magazine;0
solutions-courrier-magazine;0
solutions-courrier-magazine-connecte;0
solutions-courrier-magazine-connecte-presente;0
numero;0
solutions-courrier-magazine-connecte-presente-numero;0
janvier;0
solutions-courrier-magazine-connecte-presente-numero-janvier;0
espace;0
espace-entreprises;0
espace-entreprises-bureau;0
espace-entreprises-bureau-poste;0
donnez;0
procuration;0
donnez-procuration;0
courriers;0
donnez-procuration-courriers;0
chrono;0
monetude;0
boutiques;0
boutiques-services;0
boutiques-services-ligne;0
envois-courrier;0
bancaires;0
offres-bancaires;0
pro;3;http://www.laposte.fr/Particulier/Profiter-de-nos-services-en-ligne/Suivre-vos-envois;http://www.laposte.fr/Particulier/Profiter-de-nos-services-en-ligne/test;http://www.laposte.fr/Particulier/Profiter-de-nos-services-en-ligne/particulier
courrier-pro;0
alerte-mail;0
internationale2;0
horloge-internationale2;0
bureaux-poste;0
remise;0
cheques;0
remise-cheques;0
mandat;0
especes;0
mandat-especes;0
moneo;0
scellius;0
net;0
scellius-net;0
transaction;0
scellius-transaction;0
envois-colis;0
colissimo-outre;0
colissimo-outre-mer;0
recommande;0
colissimo-recommande;0
colissimo-recommande-outre;0
colissimo-recommande-outre-mer;0
emballage;0
colissimo-emballage;0
colissimo-emballage-outre;0
colissimo-emballage-outre-mer;0
economique;0
colis-economique;0
colis-economique-outre;0
colis-economique-outre-mer;0
chronopost;0
emballages;0
chronopost-emballages;0
chronopost-emballages-pret;0
expedier;0
chronopost-emballages-pret-expedier;0
depart;0
chronopost-emballages-pret-expedier-depart;0
dom;0
chronopost-emballages-pret-expedier-depart-dom;0
destination;0
chronopost-emballages-pret-expedier-depart-dom-destination;0
chronopost-emballages-pret-expedier-depart-dom-destination-france;0
metropolitaine;0
chronopost-emballages-pret-expedier-depart-dom-destination-france-metropolitaine;0
chronopost-emballages-pret-expedier-depart-france;0
chronopost-emballages-pret-expedier-depart-france-metropolitaine;0
chronopost-emballages-pret-expedier-depart-france-metropolitaine-destination;0
chronopost-emballages-pret-expedier-depart-france-metropolitaine-destination-outre;0
chronopost-emballages-pret-expedier-depart-france-metropolitaine-destination-outre-mer;0
express;0
chrono-express;0
chrono-express-dom;0
timbres-personnalises;0
pret-poster-lettre-prioritaire;0
contact;0
maileva;0
geoproxi;0
destineo;0
destineo-esprit;0
libre;0
destineo-esprit-libre;0
profil;0
select;0
colissimo-emballage-france;0
colissimo-recommande-france;0
chronopost-emballages-pret-expedier-chrono;0
lettre-recommandee-nationale;0
lettre-recommandee-internationale;0
valeur-declaree-internationale;0
colissimo-emballage-international;0
colissimo-international;0
union;0
chronopost-emballages-pret-expedier-union;0
europeenne;0
chronopost-emballages-pret-expedier-union-europeenne;0
premium;0
chrono-premium;0
chrono-premium-europe;0
chrono-express-europe;0
classic;0
chrono-classic;0
chrono-classic-europe;0
cmvkb24=;0
lbpam;0
tresorerie;0
lbpam-tresorerie;0
premiere;0
lbpam-premiere;0
monetaire;0
lbpam-premiere-monetaire;0
certificat;0
depot;0
certificat-depot;0
negociable;0
certificat-depot-negociable;0
offrez;0
colissimo-offrez;0
colissimo-offrez-clients;0
plus;0
colissimo-offrez-clients-plus;0
choix;0
colissimo-offrez-clients-plus-choix;0
colissimo-offrez-clients-plus-choix-plus;0
endroits;0
colissimo-offrez-clients-plus-choix-plus-endroits;0
etre;0
colissimo-offrez-clients-plus-choix-plus-endroits-etre;0
livres;0
colissimo-offrez-clients-plus-choix-plus-endroits-etre-livres;0
professionnels;0
professionnels-caeur;0
action;0
professionnels-caeur-action;0
commerciale;0
professionnels-caeur-action-commerciale;0
mychrono;0
mychrono-nouvelle;0
offre;0
mychrono-nouvelle-offre;0
mychrono-nouvelle-offre-chronopost;0
marchands;0
mychrono-nouvelle-offre-chronopost-marchands;0
gagnez;0
temps;0
gagnez-temps;0
gagnez-temps-procuration;0
recevez;0
gratuitement;0
recevez-gratuitement;0
guide;0
recevez-gratuitement-guide;0
routard;0
recevez-gratuitement-guide-routard;0
associations;0
recevez-gratuitement-guide-routard-associations;0
fondations;0
recevez-gratuitement-guide-routard-associations-fondations;0
creez;0
creez-timbres;0
image;0
creez-timbres-image;0
entreprise;0
creez-timbres-image-entreprise;0
idtimbre;0
creez-timbres-image-entreprise-idtimbre;0
personnalisez;0
personnalisez-courrier;0
personnalisez-courrier-timbres;0
couleurs;0
personnalisez-courrier-timbres-couleurs;0
region;0
personnalisez-courrier-timbres-couleurs-region;0
choisissez;0
choisissez-nouvelle;0
choisissez-nouvelle-offre;0
choisissez-nouvelle-offre-export;0
choisissez-nouvelle-offre-export-suivi;0
choisissez-nouvelle-offre-export-suivi-suivre;0
distribution;0
choisissez-nouvelle-offre-export-suivi-suivre-distribution;0
choisissez-nouvelle-offre-export-suivi-suivre-distribution-envois;0
etranger;0
choisissez-nouvelle-offre-export-suivi-suivre-distribution-envois-etranger;0
retrouvez;0
retrouvez-poste;0
salon;0
retrouvez-poste-salon;0
commerce;0
retrouvez-poste-salon-commerce;0
2011;0
retrouvez-poste-salon-commerce-2011;0
devoile;0
poste-devoile;0
aujourd;0
poste-devoile-aujourd;0
hui;0
poste-devoile-aujourd-hui;0
gamme;0
poste-devoile-aujourd-hui-gamme;0
poste-devoile-aujourd-hui-gamme-courrier;0
rapide;0
poste-devoile-aujourd-hui-gamme-courrier-rapide;0
vad;0
retrouvez-poste-salon-vad;0
retrouvez-poste-salon-vad-commerce;0
retrouvez-poste-salon-vad-commerce-2011;0
propres;0
creez-propres;0
creez-propres-timbres;0
creez-propres-timbres-grace;0
creez-propres-timbres-grace-idtimbre;0
profitez;0
pleinement;0
profitez-pleinement;0
machine;0
profitez-pleinement-machine;0
profitez-pleinement-machine-affranchir;0
banque;0
poste-banque;0
poste-banque-postale;0
poste-banque-postale-salon;0
entrepreneurs;0
poste-banque-postale-salon-entrepreneurs;0
2012;0
poste-banque-postale-salon-entrepreneurs-2012;0
montimbrenligne-entreprises;0
montimbrenligne-entreprises-affranchissement;0
portee;0
montimbrenligne-entreprises-affranchissement-portee;0
main;0
montimbrenligne-entreprises-affranchissement-portee-main;0
retrouvez-poste-salon-solutions;0
ressources;0
retrouvez-poste-salon-solutions-ressources;0
humaines;0
retrouvez-poste-salon-solutions-ressources-humaines;0
mars;0
retrouvez-poste-salon-solutions-ressources-humaines-mars;0
paris;0
retrouvez-poste-salon-solutions-ressources-humaines-mars-paris;0
jeu;0
participez-jeu;0
participez-jeu-geoproxi;0
occasion;0
participez-jeu-geoproxi-occasion;0
instants;0
participez-jeu-geoproxi-occasion-instants;0
participez-jeu-geoproxi-occasion-instants-pros;0
choisissez-postexport;0
surprise;0
choisissez-postexport-surprise;0
choisissez-postexport-surprise-2012;0
2eme;0
2eme-edition;0
trophees;0
2eme-edition-trophees;0
media;0
2eme-edition-trophees-media;0
2eme-edition-trophees-media-courrier;0
participez-jeu-pret;0
participez-jeu-pret-poster;0
participez-jeu-pret-poster-occasion;0
participez-jeu-pret-poster-occasion-instants;0
participez-jeu-pret-poster-occasion-instants-pro;0
dernier;0
decouvrez-dernier;0
decouvrez-dernier-numero;0
decouvrez-dernier-numero-magazine;0
decouvrez-dernier-numero-magazine-solutions;0
decouvrez-dernier-numero-magazine-solutions-courrier;0
besoin;0
plus-besoin;0
plus-besoin-etre;0
grosse;0
plus-besoin-etre-grosse;0
plus-besoin-etre-grosse-boite;0
recycler;0
plus-besoin-etre-grosse-boite-recycler;0
papiers;0
plus-besoin-etre-grosse-boite-recycler-papiers;0
plus-besoin-etre-grosse-boite-recycler-papiers-bureau;0
1er;0
octobre;0
1er-octobre;0
1er-octobre-2012;0
rendez;0
1er-octobre-2012-rendez;0
1er-octobre-2012-rendez-instants;0
1er-octobre-2012-rendez-instants-pros;0
1er-octobre-2012-rendez-instants-pros-participez;0
1er-octobre-2012-rendez-instants-pros-participez-jeu;0
1er-octobre-2012-rendez-instants-pros-participez-jeu-concours;0
retrouvez-poste-salon-vad-commerce-2012;0
expediez;0
expediez-marchandises;0
expediez-marchandises-monde;0
entier;0
expediez-marchandises-monde-entier;0
expediez-marchandises-monde-entier-postexport;0
expediez-marchandises-monde-entier-postexport-surprise;0
courrier2;0
decouvrez-dernier-numero-magazine-solutions-courrier2;0
nouvelle-boutique;0
nouvelle-boutique-courrier;0
seul;0
nouvelle-boutique-courrier-seul;0
acces;0
nouvelle-boutique-courrier-seul-acces;0
nouvelle-boutique-courrier-seul-acces-services;0
cette;0
periode;0
cette-periode;0
cette-periode-fetes;0
cette-periode-fetes-fin;0
cette-periode-fetes-fin-annee;0
pensez;0
cette-periode-fetes-fin-annee-pensez;0
cette-periode-fetes-fin-annee-pensez-garde;0
cette-periode-fetes-fin-annee-pensez-garde-courrier;0
cette-periode-fetes-fin-annee-pensez-garde-courrier-pendant;0
fermeture;0
cette-periode-fetes-fin-annee-pensez-garde-courrier-pendant-fermeture;0
cette-periode-fetes-fin-annee-pensez-garde-courrier-pendant-fermeture-entreprise;0
courrier3;0
decouvrez-dernier-numero-magazine-solutions-courrier3;0
salon-entrepreneurs;0
idtimbre-creez;0
idtimbre-creez-timbres;0
idtimbre-creez-timbres-image;0
idtimbre-creez-timbres-image-entreprise;0
quelques;0
idtimbre-creez-timbres-image-entreprise-quelques;0
clics;0
idtimbre-creez-timbres-image-entreprise-quelques-clics;0
poste-presente-salon;0
direct;0
poste-presente-salon-direct;0
poste-presente-salon-direct-salon;0
poste-presente-salon-direct-salon-professionnels;0
marketing;0
poste-presente-salon-direct-salon-professionnels-marketing;0
poste-presente-salon-direct-salon-professionnels-marketing-direct;0
solution;0
collecte;0
solution-collecte;0
recyclage;0
solution-collecte-recyclage;0
solution-collecte-recyclage-papiers;0
solution-collecte-recyclage-papiers-bureau;0
optez;0
optez-lettre;0
optez-lettre-verte;0
optez-lettre-verte-envois;0
optez-lettre-verte-envois-plus;0
respectueux;0
optez-lettre-verte-envois-plus-respectueux;0
environnement;0
optez-lettre-verte-envois-plus-respectueux-environnement;0
decouvrez-gamme;0
decouvrez-gamme-courrier;0
decouvrez-gamme-courrier-rapide;0
decouvrez-gamme-courrier-rapide-poste;0
venez;0
vivre;0
venez-vivre;0
experience;0
venez-vivre-experience;0
collaborative;0
venez-vivre-experience-collaborative;0
ouishare;0
venez-vivre-experience-collaborative-ouishare;0
fest;0
venez-vivre-experience-collaborative-ouishare-fest;0
mai;0
venez-vivre-experience-collaborative-ouishare-fest-mai;0
2013;0
venez-vivre-experience-collaborative-ouishare-fest-mai-2013;0
cabaret;0
venez-vivre-experience-collaborative-ouishare-fest-mai-2013-cabaret;0
sauvage;0
venez-vivre-experience-collaborative-ouishare-fest-mai-2013-cabaret-sauvage;0
pourquoi;0
pourquoi-faire;0
complique;0
pourquoi-faire-complique;0
quand;0
pourquoi-faire-complique-quand;0
peut;0
pourquoi-faire-complique-quand-peut;0
pourquoi-faire-complique-quand-peut-faire;0
pourquoi-faire-complique-quand-peut-faire-maileva;0
optez-courrier;0
optez-courrier-media;0
incontournable;0
optez-courrier-media-incontournable;0
courrier4;0
decouvrez-dernier-numero-magazine-solutions-courrier4;0
solutions-courrier-magazine-connecte-presente-nouvelle;0
formule;0
solutions-courrier-magazine-connecte-presente-nouvelle-formule;0
valorisez;0
valorisez-envois;0
valorisez-envois-fin;0
valorisez-envois-fin-annee;0
produits;0
valorisez-envois-fin-annee-produits;0
valorisez-envois-fin-annee-produits-emballages;0
festifs;0
valorisez-envois-fin-annee-produits-emballages-festifs;0
valorisez-envois-fin-annee-produits-emballages-festifs-poste;0
participez-salon;0
participez-salon-entrepreneurs;0
2014;0
participez-salon-entrepreneurs-2014;0
reexpedition-definitive-internationale;0
reexpedition-temporaire-nationale;0
chrono-express-monde;0
chronopost-emballages-pret-expedier-outre;0
chronopost-emballages-pret-expedier-outre-mer;0
chronopost-emballages-pret-expedier-outre-mer-monde;0
virements;0
virements-france;0
internationaux;0
virements-internationaux;0
cheque;0
lettre-cheque;0
cash;0
mandat-cash;0
mandats;0
mandats-internationaux;0
tele;0
tva;0
tele-tva;0
titre;0
cesu;0
titre-cesu;0
garantie;0
homme;0
garantie-homme;0
cle;0
garantie-homme-cle;0
decisiel;0
decisiel-pack;0
nous2;0
contactez-nous2;0
commande;0
telephone;0
commande-telephone;0
plaquettes;0
magazine-solutions;0
magazine-solutions-courrier;0
temoignages;0
temoignages-clients;0
savoir;0
savoir-plus;0
sur;0
savoir-plus-sur;0
savoir-plus-sur-marketing;0
savoir-plus-sur-marketing-direct;0
conseil;0
envoi;1;http://www.laposte.fr/Particulier/Profiter-de-nos-services-en-ligne/Suivre-vos-envois
conseil-envoi;0
conseil-envoi-courriers;0
applicables;0
conditions-generales-vente-applicables;0
prestations;0
conditions-generales-vente-applicables-prestations;0
conditions-generales-vente-applicables-prestations-courrier;0
conditions-generales-vente-applicables-prestations-courrier-colis;0
conditions-generales-vente-applicables-prestations-courrier-colis-poste;0
gestion;0
activite;0
gestion-activite;0
quotidien;0
gestion-activite-quotidien;0
flux;0
gestion-flux;0
gestion-flux-quotidien;0
valorisation;0
valorisation-placements;0
protection;0
protection-activite;0
protection-activite-entreprise;0
assurance;0
moyens;0
assurance-moyens;0
paiement;0
assurance-moyens-paiement;0
retraite;0
epargne-retraite;0
epargne-retraite-entreprise;0
motivation-valorisation;0
equipes;0
motivation-valorisation-equipes;0
courrier-international;0
savoir-faire;0
savoir-faire-engagements;0
offres-entreprises;0
presence;0
presence-international;0
indispensables;0
outils-indispensables;0
marketing-direct;0
hub;0
hub-2014;0
hub-2014-annee;0
google;0
hub-2014-annee-google;0
glass;0
hub-2014-annee-google-glass;0
lettre-suivie;0
egrenee;0
lettre-suivie-egrenee;0
lettre-suivie-egrenee-lettre;0
lettre-suivie-egrenee-lettre-suivie;0
nombre;0
lettre-suivie-egrenee-lettre-suivie-nombre;0
cartemania;0
integral;0
destineo-integral;0
offres-services;0
offres-services-associations;0
index;0
index-offres;0
index-offres-produits;0
international?id=1549;0
courrier-international?id=1549;0
envois-marchandises;0
jusqu;0
envois-marchandises-jusqu;0
2kg;0
envois-marchandises-jusqu-2kg;0
communication;0
communication-commerciale;0
relationnel;0
courrier-relationnel;0
presse;0
envois-presse;0
telecharger;0
outils-telecharger;0
regles;0
presentation;0
regles-presentation;0
regles-presentation-adresse;0
formalites;0
douanieres;0
formalites-douanieres;0
liens;0
utiles;0
liens-utiles;0
consultez;0
precedents;0
consultez-precedents;0
numeros;0
consultez-precedents-numeros;0
consultez-precedents-numeros-magazine;0
consultez-precedents-numeros-magazine-solutions;0
consultez-precedents-numeros-magazine-solutions-courrier;0
yves;0
rocher;0
yves-rocher;0
poste-solutions;0
business;0
poste-solutions-business;0
balmetrie;0
arthur;0
bonnet;0
arthur-bonnet;0
leclerc;0
murprotect;0
the;0
phone;0
the-phone;0
house;0
the-phone-house;0
skiset;0
publicitaire;0
courrier-publicitaire;0
courrier-publicitaire-connecte;0
astuces;0
astuces-conseils;0
preparation;0
preparation-courriers;0
suivis;0
preparation-courriers-suivis;0
international?id=126;0
courrier-international?id=126;0
lettre-prioritaire-internationale;0
business-export;0
business-export-classic;0
business-export-profil;0
pays;0
business-export-pays;0
business-export-pays-profil;0
postreponse;0
postreponse-international;0
postreponse-international-classic;0
international?id=63;0
courrier-international?id=63;0
questions-reponses-sur;0
questions-reponses-sur-lettre;0
questions-reponses-sur-lettre-max;0
appli;0
pret-poster-lettre-prioritaire-utilitaire;0
acces-direct;0
dedies;0
acces-dedies;0
acces-dedies-profil;0
rosetta;0
donnees;0
gestion-donnees;0
gestion-donnees-client;0
carto;0
nouveaux;0
visages;0
nouveaux-visages;0
noel;0
nouveaux-visages-noel;0
nouveaux-visages-noel-decouvrez;0
initiatives;0
nouveaux-visages-noel-decouvrez-initiatives;0
marques;0
nouveaux-visages-noel-decouvrez-initiatives-marques;0
nouveaux-visages-noel-decouvrez-initiatives-marques-periode;0
nouveaux-visages-noel-decouvrez-initiatives-marques-periode-fetes;0
poste-solutions-business-salon;0
pollutec;0
poste-solutions-business-salon-pollutec;0
horizons;0
poste-solutions-business-salon-pollutec-horizons;0
poste-solutions-business-salon-pollutec-horizons-2013;0
visez;0
essentiel;0
visez-essentiel;0
visez-essentiel-poste;0
occupe;0
visez-essentiel-poste-occupe;0
reste;0
visez-essentiel-poste-occupe-reste;0
images;0
retrouvez-images;0
meilleurs;0
retrouvez-images-meilleurs;0
moments;0
retrouvez-images-meilleurs-moments;0
conference;0
retrouvez-images-meilleurs-moments-conference;0
retrouvez-images-meilleurs-moments-conference-vers;0
retrouvez-images-meilleurs-moments-conference-vers-entreprise;0
connectee;0
retrouvez-images-meilleurs-moments-conference-vers-entreprise-connectee;0
affranchigo;0
forfait;0
affranchigo-forfait;0
affranchigo-forfait-affranchigo;0
liberte;0
affranchigo-forfait-affranchigo-liberte;0
affranchigo-forfait-affranchigo-liberte-poste;0
propose;0
affranchigo-forfait-affranchigo-liberte-poste-propose;0
affranchigo-forfait-affranchigo-liberte-poste-propose-solutions;0
facilite;0
affranchigo-forfait-affranchigo-liberte-poste-propose-solutions-facilite;0
affranchigo-forfait-affranchigo-liberte-poste-propose-solutions-facilite-envois;0
cheque-cadeaux;0
cheque-cadeaux-seul;0
courrier11;0
decouvrez-dernier-numero-magazine-solutions-courrier11;0
postreponse-international-profil;0
destineo-monde;0
primo;0
destineo-monde-primo;0
volume;0
destineo-monde-volume;0
optima;0
postreponse-optima;0
reponse;0
postreponse-optima-reponse;0
expression;0
postreponse-expression;0
postreponse-expression-reponse;0
conception;0
conception-documents;0
fabrication;0
reception-gestion;0
retours;0
reception-gestion-retours;0
offres-colis;0
courrier8;0
decouvrez-dernier-numero-magazine-solutions-courrier8;0
attendez;0
attendez-plus;0
attendez-plus-decouvrez;0
attendez-plus-decouvrez-hub;0
attendez-plus-decouvrez-hub-media;0
performance;0
attendez-plus-decouvrez-hub-media-performance;0
attendez-plus-decouvrez-hub-media-performance-client;0
factures;0
poste-factures;0
releves;0
poste-factures-releves;0
comptes;0
poste-factures-releves-comptes;0
dopaient;0
poste-factures-releves-comptes-dopaient;0
chiffre;0
poste-factures-releves-comptes-dopaient-chiffre;0
affaires;0
poste-factures-releves-comptes-dopaient-chiffre-affaires;0
prise;0
conditions-prise;0
charge;0
conditions-prise-charge;0
conditions-prise-charge-courriers;0
formations;0
destineo-international;0
destineo-international-image;0
exporte;0
destineo-international-image-exporte;0
bien;0
destineo-international-image-exporte-bien;0
pret-poster-solutions;0
simples;0
pret-poster-solutions-simples;0
rapides;0
pret-poster-solutions-simples-rapides;0
pret-poster-solutions-simples-rapides-envoyer;0
pret-poster-solutions-simples-rapides-envoyer-documents;0
petits;0
pret-poster-solutions-simples-rapides-envoyer-documents-petits;0
objets;0
pret-poster-solutions-simples-rapides-envoyer-documents-petits-objets;0
pret-poster-solutions-simples-rapides-envoyer-documents-petits-objets-marchandises;0
illustre;0
affranchissement-illustre;0
affranchissement-illustre-nouvel;0
affranchissement-illustre-nouvel-espace;0
affranchissement-illustre-nouvel-espace-communication;0
affranchissement-illustre-nouvel-espace-communication-envois;0
solutions-associations;0
solutions-associations-fondations;0
faisant;0
solutions-associations-fondations-faisant;0
appel;0
solutions-associations-fondations-faisant-appel;0
generosite;0
solutions-associations-fondations-faisant-appel-generosite;0
public;0
solutions-associations-fondations-faisant-appel-generosite-public;0
gamme-reponse;0
transformez;0
gamme-reponse-transformez;0
campagnes;0
gamme-reponse-transformez-campagnes;0
gamme-reponse-transformez-campagnes-communication;0
veritable;0
gamme-reponse-transformez-campagnes-communication-veritable;0
levier;0
gamme-reponse-transformez-campagnes-communication-veritable-levier;0
commercial;0
gamme-reponse-transformez-campagnes-communication-veritable-levier-commercial;0
archivage;0
partners;0
airelle;0
champion;0
cned;0
crca;0
money;0
bank;0
money-bank;0
man;0
camions;0
man-camions;0
bus;0
man-camions-bus;0
photoways;0
recofact;0
paquet;0
offre-paquet;0
offre-paquet-activite;0
prend;0
offre-paquet-activite-prend;0
offre-paquet-activite-prend-toute;0
dimension;0
offre-paquet-activite-prend-toute-dimension;0
offres-courrier;0
offres-courrier-poste;0
offres-courrier-poste-international;0
offres-courrier-poste-international-portee;0
collecte-remise;0
collecte-remise-affranchigo;0
accelerez;0
collecte-remise-affranchigo-accelerez;0
echanges;0
collecte-remise-affranchigo-accelerez-echanges;0
collecte-remise-affranchigo-accelerez-echanges-courrier;0
redaction;0
redaction-adresse;0
optimis;0
qualite;0
qualite-adresse;0
alliage2;0
alliage;0
alliage-premium;0
destineo-pays;0
destineo-pays-profil;0
pilotez;0
pilotez-campagnes;0
pilotez-campagnes-marketing;0
pilotez-campagnes-marketing-direct;0
pilotez-campagnes-marketing-direct-grace;0
pilotez-campagnes-marketing-direct-grace-solution;0
integree;0
pilotez-campagnes-marketing-direct-grace-solution-integree;0
duetto;0
mailing;0
duetto-mailing;0
print;0
destineo-international-print;0
courrier-connecte;0
courrier-connecte-site;0
courrier-connecte-site-mobile;0
webkey;0
courrier-connecte-webkey;0
win;0
pre;0
test;1;http://www.laposte.fr/Particulier/Profiter-de-nos-services-en-ligne/test
pre-test;0
affranchigo-liberte;0
machine-affranchir;0
international?id=1611;0
courrier-international?id=1611;0
concevoir;0
concevoir-communication;0
creative;0
concevoir-communication-creative;0
originale;0
concevoir-communication-creative-originale;0
amplitude;0
decouverte;0
destineo-decouverte;0
post-test;1;http://www.laposte.fr/Particulier/Profiter-de-nos-services-en-ligne/test
identifiez;0
cibles;0
identifiez-cibles;0
renseignez;0
renseignez-bien;0
fichiers;0
renseignez-bien-fichiers;0
sont;0
clients-sont;0
precieux;0
clients-sont-precieux;0
capital;0
clients-sont-precieux-capital;0
clients-sont-precieux-capital-faire;0
fructifier;0
clients-sont-precieux-capital-faire-fructifier;0
prospecter;0
question;0
prospecter-question;0
survie;0
prospecter-question-survie;0
redigez;0
redigez-courrier;0
redigez-courrier-publicitaire;0
redigez-courrier-publicitaire-adresse;0
proposez;0
proposez-offre;0
attractive;0
proposez-offre-attractive;0
adaptee;0
proposez-offre-attractive-adaptee;0
interlocuteurs;0
proposez-offre-attractive-adaptee-interlocuteurs;0
moment;0
choisissez-moment;0
communiquer;0
choisissez-moment-communiquer;0
analyse;0
chiffree;0
analyse-chiffree;0
campagne;0
analyse-chiffree-campagne;0
travaillez;0
travaillez-fichiers;0
travaillez-fichiers-client;0
immo;0
select-immo;0
voisins;0
nouveaux-voisins;0
attitude;0
conso;0
attitude-conso;0
optimiser;0
optimiser-envois;0
courants;0
envois-courants;0
egrenes;0
envois-courants-egrenes;0
envois-courants-egrenes-volume;0
affideo;0
solutions-gestion;0
solutions-gestion-factures;0
collecte-primo;0
lieux;0
lieux-depot;0
ecoveo;0
lettre-verte-egrenee;0
lettre-verte-egrenee-lettre;0
lettre-verte-egrenee-lettre-verte;0
lettre-verte-egrenee-lettre-verte-nombre;0
lettre-prioritaire-egrenee;0
lettre-prioritaire-egrenee-lettre;0
lettre-prioritaire-egrenee-lettre-prioritaire;0
lettre-prioritaire-egrenee-lettre-prioritaire-nombre;0
grand;0
lettre-grand;0
lettre-grand-compte;0
tem;0
tem-post;0
egrene;0
ecopli-egrene;0
ecopli-egrene-ecopli;0
ecopli-egrene-ecopli-nombre;0
ecopli-grand;0
ecopli-grand-compte;0
ecopli-grand-compte-tem;0
ecopli-grand-compte-tem-post;0
lettre-max-egrenee;0
lettre-max-egrenee-lettre;0
lettre-max-egrenee-lettre-max;0
lettre-max-egrenee-lettre-max-nombre;0
lettre-suivie-grand;0
lettre-suivie-grand-compte;0
expert;0
lettre-expert;0
lettre-expert-egrenee;0
lettre-expert-egrenee-lettre;0
lettre-expert-egrenee-lettre-expert;0
lettre-expert-egrenee-lettre-expert-nombre;0
lettre-expert-grand;0
lettre-expert-grand-compte;0
pret-poster-lettre-expert;0
lettre-recommandee-egrenee;0
lettre-recommandee-egrenee-lettre;0
lettre-recommandee-egrenee-lettre-recommandee;0
lettre-recommandee-egrenee-lettre-recommandee-nombre;0
lettre-recommandee-ligne-entreprises;0
lettre-recommandee-premium;0
lettre-recommandee-premium-egrenee;0
lettre-recommandee-premium-egrenee-lettre;0
lettre-recommandee-premium-egrenee-lettre-recommandee;0
lettre-recommandee-premium-egrenee-lettre-recommandee-premium;0
lettre-recommandee-premium-egrenee-lettre-recommandee-premium-nombre;0
lettre-recommandee-premium-grand;0
lettre-recommandee-premium-grand-compte;0
verso;0
frequenceo;0
finance;0
digiposte-finance;0
facture;0
digiposte-facture;0
prio;0
paquet-prio;0
paquet-prio-international;0
delivengo;0
delivengo-profil;0
presse-export;0
presse-export-standard;0
presse-export-profil;0
envois-courriers;0
sensibles;0
envois-courriers-sensibles;0
importants;0
envois-courriers-sensibles-importants;0
prioritaires;0
envois-prioritaires;0
envois-prioritaires-suivis;0
itinovia;0
postreponse-pret;0
postreponse-pret-poster;0
postreponse-pret-poster-reponse;0
postreponse-libre;0
postreponse-libre-reponse;0
stimuler;0
stimuler-retours;0
stimuler-retours-clients;0
proposant;0
stimuler-retours-clients-proposant;0
moyen;0
stimuler-retours-clients-proposant-moyen;0
stimuler-retours-clients-proposant-moyen-reponse;0
international?id=480;0
courrier-international?id=480;0
envois-petits;0
envois-petits-objets;0
simplifier;0
simplifier-reception;0
simplifier-reception-courrier;0
destineo-monde-profil;0
sac;0
sac-standard;0
transformez-courriers;0
relationnels;0
transformez-courriers-relationnels;0
outil;0
transformez-courriers-relationnels-outil;0
fidelisation;0
transformez-courriers-relationnels-outil-fidelisation;0
permettant;0
transformez-courriers-relationnels-outil-fidelisation-permettant;0
gagner;0
transformez-courriers-relationnels-outil-fidelisation-permettant-gagner;0
transformez-courriers-relationnels-outil-fidelisation-permettant-gagner-performance;0
transformez-courriers-relationnels-outil-fidelisation-permettant-gagner-performance-client;0
autres;0
international?id=75;0
courrier-international?id=75;0
actualiser;0
optimiser-actualiser;0
base;0
optimiser-actualiser-base;0
optimiser-actualiser-base-donnees;0
expedition;0
ameliorer;0
ameliorer-qualite;0
ameliorer-qualite-fichiers;0
contacts;0
ameliorer-qualite-fichiers-contacts;0
depot-courrier;0
gerer;0
gerer-retours;0
international?id=135;0
courrier-international?id=135;0
communiquez;0
engagement;0
communiquez-engagement;0
responsable;0
communiquez-engagement-responsable;0
recruter;0
recruter-nouveaux;0
recruter-nouveaux-clients;0
geomail;0
contactez_nous;0
contactez_nous-outre;0
contactez_nous-outre-mer;0
recommandes;0
affranchir-envois;0
international?id=905&type=98;0
courrier-international?id=905&type=98;0
remontees;0
stimuler-remontees;0
stimuler-remontees-campagnes;0
sms;0
actu;0
actu-marques;0
destineo-integral-distribution;0
classique;0
destineo-integral-distribution-classique;0
destineo-integral-distribution-classique-destineo;0
simply;0
destineo-integral-distribution-classique-destineo-simply;0
destineo-integral-distribution-classique-destineo-simply-destineo;0
utilite;0
destineo-integral-distribution-classique-destineo-simply-destineo-utilite;0
publique;0
destineo-integral-distribution-classique-destineo-simply-destineo-utilite-publique;0
destineo-integral-distribution-rapide;0
destineo-integral-distribution-rapide-destineo;0
destineo-integral-distribution-rapide-destineo-integral;0
destineo-integral-distribution-rapide-destineo-integral-distribution;0
precision;0
destineo-integral-distribution-rapide-destineo-integral-distribution-precision;0
pluriel;0
destineo-pluriel;0
specifique;0
select-specifique;0
natio;0
mesurez;0
impact;0
mesurez-impact;0
mesurez-impact-campagnes;0
ameliorez;0
mesurez-impact-campagnes-ameliorez;0
performances;0
mesurez-impact-campagnes-ameliorez-performances;0
international?id=1618;0
courrier-international?id=1618;0
rosetta2;0
international?id=549;0
courrier-international?id=549;0
facilement;0
concevoir-facilement;0
mailings;0
concevoir-facilement-mailings;0
international?id=779;0
courrier-international?id=779;0
amplitude-entreprises;0
attitude-entreprises;0
integrer;0
evolutions;0
integrer-evolutions;0
geographiques;0
integrer-evolutions-geographiques;0
integrer-evolutions-geographiques-adresses;0
exactes;0
integrer-evolutions-geographiques-adresses-exactes;0
conseille;0
etre-conseille;0
experts;0
etre-conseille-experts;0
imprimes;0
envoyer-imprimes;0
publicitaires;0
envoyer-imprimes-publicitaires;0
envoyer-imprimes-publicitaires-france;0
imprimer;0
imprimer-communication;0
imprimer-communication-creative;0
imprimer-communication-creative-originale;0
maniere;0
imprimer-communication-creative-originale-maniere;0
simple;0
imprimer-communication-creative-originale-maniere-simple;0
efficace;0
imprimer-communication-creative-originale-maniere-simple-efficace;0
communications;0
envoyer-communications;0
adressees;0
envoyer-communications-adressees;0
envoyer-communications-adressees-tarifs;0
preferentiels;0
envoyer-communications-adressees-tarifs-preferentiels;0
obtenir;0
obtenir-conseils;0
obtenir-conseils-experts;0
obtenir-conseils-experts-optimiser;0
efficacite;0
obtenir-conseils-experts-optimiser-efficacite;0
obtenir-conseils-experts-optimiser-efficacite-campagnes;0
offre-conseil;0
geomarketing;0
offre-conseil-geomarketing;0
diffusion;0
ameliorer-diffusion;0
ameliorer-diffusion-courrier;0
interne;0
ameliorer-diffusion-courrier-interne;0
traitement;0
ameliorer-traitement;0
ameliorer-traitement-factures;0
electroniques;0
envois-electroniques;0
envoyer-sms;0
mms;0
envoyer-sms-mms;0
promotionnels;0
envoyer-sms-mms-promotionnels;0
qualification;0
qualification-geomarketing;0
scoring;0
qualification-geomarketing-scoring;0
qualification-geomarketing-scoring-geomarketing;0
traiter;0
traiter-affranchissement;0
traiter-affranchissement-interne;0
traiter-affranchissement-interne-toute;0
simplicite;0
traiter-affranchissement-interne-toute-simplicite;0
envois-valeur;0
international?id=180;0
courrier-international?id=180;0
envois-internationaux;0
envois-internationaux-envois;0
ponctuels;0
envois-internationaux-envois-ponctuels;0
reguliers;0
envois-internationaux-envois-ponctuels-reguliers;0
tarifs?onglet=&page=&idprod=0010157;0
tarifs?onglet=&page=&idprod=0027786;0
international?id=1541;0
courrier-international?id=1541;0
reduire;0
couts;0
reduire-couts;0
delais;0
reduire-couts-delais;0
reduire-couts-delais-impression;0
mise;0
reduire-couts-delais-impression-mise;0
reduire-couts-delais-impression-mise-sous;0
pli;0
reduire-couts-delais-impression-mise-sous-pli;0
externaliser;0
externaliser-affranchissement;0
gagner-temps;0
valoriser;0
gagner-temps-valoriser;0
gagner-temps-valoriser-envois;0
nationaux;0
gagner-temps-valoriser-envois-nationaux;0
gagner-temps-valoriser-envois-nationaux-internationaux;0
connaitre;0
connaitre-conditions;0
connaitre-conditions-prise;0
connaitre-conditions-prise-charge;0
connaitre-conditions-prise-charge-courrier;0
tarifs?onglet=&page=&idprod=0005530;0
tarifs?onglet=&page=&idprod=0015678;0
proposez-adresse;0
services-ligne;3;http://www.laposte.fr/Particulier/Profiter-de-nos-services-en-ligne/Suivre-vos-envois;http://www.laposte.fr/Particulier/Profiter-de-nos-services-en-ligne/test;http://www.laposte.fr/Particulier/Profiter-de-nos-services-en-ligne/particulier
sites;0
autres-sites;0
autres-sites-poste;0
international?id=762;0
courrier-international?id=762;0
envoyer-communication;0
envoyer-communication-creative;0
envoyer-communication-creative-originale;0
concevoir-documents;0
envoyer-mailings;0
envoyer-mailings-adresses;0
envoyer-mailings-adresses-etranger;0
automobile;0
collectivite;0
grande;0
consommation;0
grande-consommation;0
secteur;0
secteur-public;0
telecommunications;0
createurs;0
createurs-entreprise;0
petites;0
professionnels-petites;0
professionnels-petites-entreprises;0
moyennes;0
grandes;0
moyennes-grandes;0
moyennes-grandes-entreprises;0
institutionnels;0
institutionnels-grandes;0
institutionnels-grandes-entreprises;0
archiver;0
archiver-factures;0
archiver-factures-electroniques;0
archiver-factures-electroniques-toute;0
securite;0
archiver-factures-electroniques-toute-securite;0
international?id=780&pdt_id=74&chash;0
courrier-international?id=780&pdt_id=74&chash;0
tarifs?onglet=&page=&idprod=0015176;0
concevoir-factures;0
concevoir-factures-clients;0
preparer-documents;0
preparer-documents-sur;0
format;0
preparer-documents-sur-format;0
preparer-documents-sur-format-electronique;0
production;0
externaliser-production;0
externaliser-production-documents;0
conserver;0
conserver-documents;0
conserver-documents-ligne;0
catalogue;0
destineo-catalogue;0
tarifs?onglet=&page=&idprod=0019715;0
reclamation;0
formulaire-reclamation;0
formulaire-reclamation-courrier;0
formulaire-reclamation-courrier-entreprise;0
tarifs?onglet=&page=&idprod=0024245;0
tarifs?onglet=&page=&idprod=0018234;0
service;3;http://www.laposte.fr/Particulier/Profiter-de-nos-services-en-ligne/Suivre-vos-envois;http://www.laposte.fr/Particulier/Profiter-de-nos-services-en-ligne/test;http://www.laposte.fr/Particulier/Profiter-de-nos-services-en-ligne/particulier
service-national;0
adresse?id_rubrique=42;0
service-national-adresse?id_rubrique=42;0
adresse?id_rubrique=32;0
service-national-adresse?id_rubrique=32;0
adresse?id_rubrique=40;0
service-national-adresse?id_rubrique=40;0
adresse?id_rubrique=88;0
service-national-adresse?id_rubrique=88;0
adresse?id_rubrique=50;0
service-national-adresse?id_rubrique=50;0
adresse?id_rubrique=5;0
service-national-adresse?id_rubrique=5;0
adresse?id_rubrique=96;0
service-national-adresse?id_rubrique=96;0
adresse?id_rubrique=41;0
service-national-adresse?id_rubrique=41;0
adresse?id_rubrique=43;0
service-national-adresse?id_rubrique=43;0
adresse?id_rubrique=223;0
service-national-adresse?id_rubrique=223;0
adresse?id_rubrique=49;0
service-national-adresse?id_rubrique=49;0
adresse?id_rubrique=8;0
service-national-adresse?id_rubrique=8;0
service-clients;0
creer-boutique;0
creer-boutique-ligne;0
proposer;0
paiements;0
proposer-paiements;0
distance;0
proposer-paiements-distance;0
proposer-paiements-distance-securises;0
gerer-banque;0
gerer-banque-quotidien;0
cibler;0
particuliers;0
cibler-particuliers;0
cibler-entreprises;0
bdd;0
optimiser-bdd;0
gerer-campagnes;0
gerer-campagnes-courrier;0
gerer-campagnes-mail;0
mesurer;0
mesurer-efficacite;0
mesurer-efficacite-campagnes;0
preparer-envois;0
expedier-envois;0
logistique;0
externaliser-logistique;0
outre-mer;0
mixcommerce;0
mixcommerce-solution;0
mixcommerce-solution-gestion;0
ensemble;0
mixcommerce-solution-gestion-ensemble;0
mixcommerce-solution-gestion-ensemble-activite;0
mixcommerce-solution-gestion-ensemble-activite-commerce;0
choisissez-solution;0
livraison;0
choisissez-solution-livraison;0
web;0
commerce-web;0
gerer-relation;0
gerer-relation-client;0
matchingmail;0
creer-site-commerce;0
access;0
colissimo-access;0
colissimo-access-france;0
optimiser-logistique;0
selfmail;0
mail-expert;0
cabestan;0
livrer;0
faire-livrer;0
faire-livrer-produits;0
colissimo-expert;0
colissimo-expert-france;0
relais;0
colissimo-services;0
prestation;0
colissimo-services-prestation;0
retour;0
colissimo-services-prestation-retour;0
cibler-nouveaux;0
cibler-nouveaux-clients;0
adverline;0
retargeting;0
adverline-retargeting;0
confier;0
confier-activite;0
confier-activite-commerce;0
localisez;0
localisez-espace;0
localisez-espace-entreprises;0
localisez-espace-entreprises-bureau;0
localisez-espace-entreprises-bureau-poste;0
paquet-international;0
colissimo-expert-international;0
internationales;0
solutions-internationales;0
solutions-internationales-poste;0
visa;0
carte-visa;0
carte-visa-business;0
carte-visa-business-carte;0
carte-visa-business-carte-visa;0
gold;0
carte-visa-business-carte-visa-gold;0
carte-visa-business-carte-visa-gold-business;0
lbp;0
ccess;0
lbp-ccess;0
assurance-paiement;0
alliatys;0
assurance-paiement-alliatys;0
assurance-paiement-alliatys-entreprise;0
location;0
mails;0
location-mails;0
b2b;0
location-mails-b2b;0
admission;0
conditions-admission;0
conditions-admission-colis;0
conseils-envois;0
conseils-envois-internationaux;0
solutions-expedition;0
informatisees;0
solutions-expedition-informatisees;0
exapaq;0
dpd;0
exapaq-dpd;0
exapaq-dpd-classic;0
bancaire;0
gerer-relation-bancaire;0
web?page=2;0
commerce-web?page=2;0
web?page=3;0
commerce-web?page=3;0
web?page=4;0
commerce-web?page=4;0
web?page=53;0
commerce-web?page=53;0
rappel;0
demande-rappel;0
web?page=52;0
commerce-web?page=52;0
web?page=1;0
commerce-web?page=1;0
web?page=50;0
commerce-web?page=50;0
web?page=51;0
commerce-web?page=51;0
web?page=49;0
commerce-web?page=49;0
web?page=5;0
commerce-web?page=5;0
web?page=6;0
commerce-web?page=6;0
web?page=7;0
commerce-web?page=7;0
web?page=8;0
commerce-web?page=8;0
web?page=48;0
commerce-web?page=48;0
web?page=46;0
commerce-web?page=46;0
web?page=47;0
commerce-web?page=47;0
web?page=9;0
commerce-web?page=9;0
web?page=10;0
commerce-web?page=10;0
web?page=11;0
commerce-web?page=11;0
web?page=12;0
commerce-web?page=12;0
web?page=13;0
commerce-web?page=13;0
web?page=14;0
commerce-web?page=14;0
web?page=45;0
commerce-web?page=45;0
web?page=43;0
commerce-web?page=43;0
web?page=44;0
commerce-web?page=44;0
groupe;0
groupe-poste;0
groupe-poste-salon;0
groupe-poste-salon-commerce;0
groupe-poste-salon-commerce-2013;0
web?page=15;0
commerce-web?page=15;0
web?page=16;0
commerce-web?page=16;0
web?page=17;0
commerce-web?page=17;0
web?page=42;0
commerce-web?page=42;0
web?page=40;0
commerce-web?page=40;0
web?page=41;0
commerce-web?page=41;0
web?page=57;0
commerce-web?page=57;0
retrouvez-poste-salon-commerce-2012;0
